{
    "L9F13777.0": 0.5064934492111206,
    "L7F5106.0": 0.4642857313156128,
    "L9F10474.0": 0.43831169605255127,
    "L8F9920.0": 0.4350649118423462,
    "L23F14452.0": 0.4188311696052551,
    "L5F13951.0": 0.4188311696052551,
    "L15F11534.0": 0.40909093618392944,
    "L17F6441.0": 0.40584415197372437,
    "L4F13373.0": 0.40584415197372437,
    "L8F8002.0": 0.4025973975658417,
    "L9F3011.0": 0.39935067296028137,
    "L10F13607.0": 0.3961039185523987,
    "L10F4622.0": 0.3896103799343109,
    "L6F16210.0": 0.37662336230278015,
    "L20F3084.0": 0.37662336230278015,
    "L7F3051.0": 0.37012988328933716,
    "L12F9053.0": 0.37012988328933716,
    "L23F700.0": 0.36688312888145447,
    "L1F80.0": 0.3636363744735718,
    "L7F8835.0": 0.3636363744735718
}