{
    "L11F12253.0": 0.493506520986557,
    "L10F6880.0": 0.4545454680919647,
    "L13F1535.0": 0.4350649416446686,
    "L5F6531.0": 0.4318181872367859,
    "L1F5307.0": 0.40584415197372437,
    "L16F13891.0": 0.3961039185523987,
    "L13F2471.0": 0.3896104097366333,
    "L4F15892.0": 0.3863636553287506,
    "L12F13614.0": 0.37662339210510254,
    "L10F2527.0": 0.37337663769721985,
    "L10F2204.0": 0.37337663769721985,
    "L11F4016.0": 0.37012988328933716,
    "L18F7521.0": 0.36688312888145447,
    "L10F16225.0": 0.36688312888145447,
    "L11F10336.0": 0.3636363744735718,
    "L15F13772.0": 0.3636363744735718,
    "L8F5156.0": 0.3636363744735718,
    "L2F10499.0": 0.3636363744735718,
    "L2F15741.0": 0.3636363744735718,
    "L7F1496.0": 0.3636363744735718
}