{
    "L13F7957.0": 0.6396723389625549,
    "L12F12969.0": 0.5676543116569519,
    "L23F9416.0": 0.5402377843856812,
    "L20F2285.0": 0.5399099588394165,
    "L15F7770.0": 0.5221813917160034,
    "L17F15778.0": 0.52161705493927,
    "L16F4767.0": 0.5106974840164185,
    "L19F15460.0": 0.4933623969554901,
    "L10F9775.0": 0.4804425835609436,
    "L9F13211.0": 0.48033571243286133,
    "L14F14315.0": 0.42662513256073,
    "L16F7906.0": 0.41509953141212463,
    "L15F15701.0": 0.4104044437408447,
    "L11F2676.0": 0.3993009924888611,
    "L13F2290.0": 0.390630304813385,
    "L9F7936.0": 0.38218438625335693,
    "L7F13684.0": 0.3807598650455475,
    "L14F578.0": 0.3638666868209839,
    "L17F9835.0": 0.3479742109775543,
    "L18F10813.0": 0.3374740183353424
}