{
    "L15F11898.0": 0.4661276265978813,
    "L13F6.0": 0.4097870923578739,
    "L9F230.0": 0.40139899402856827,
    "L11F1414.0": 0.39440858364105225,
    "L7F3782.0": 0.3686238266527653,
    "L10F4404.0": 0.36512602865695953,
    "L14F7751.0": 0.3486509397625923,
    "L12F9249.0": 0.34150341153144836,
    "L13F1601.0": 0.32649894803762436,
    "L14F6337.0": 0.3102225922048092,
    "L10F9882.0": 0.3024154342710972,
    "L15F10018.0": 0.2972104400396347,
    "L15F7204.0": 0.286703921854496,
    "L14F6772.0": 0.27890687924809754,
    "L15F5211.0": 0.27452856954187155,
    "L9F660.0": 0.26088303979486227,
    "L10F3409.0": 0.258363701403141,
    "L12F8278.0": 0.2574002966284752,
    "L10F1063.0": 0.24651301465928555,
    "L16F2313.0": 0.24421862699091434
}