{
    "L15F11898.0": 0.2758212387561798,
    "L9F230.0": 0.2595493197441101,
    "L10F4404.0": 0.23640909790992737,
    "L10F9882.0": 0.22597669064998627,
    "L11F1414.0": 0.2235100269317627,
    "L15F10018.0": 0.19811484217643738,
    "L12F9249.0": 0.18804414570331573,
    "L13F6.0": 0.1875769942998886,
    "L13F1601.0": 0.1676216423511505,
    "L14F7751.0": 0.1656413972377777,
    "L22F5280.0": 0.15731117129325867,
    "L7F3782.0": 0.15022529661655426,
    "L5F622.0": 0.13231223821640015,
    "L15F7204.0": 0.13110917806625366,
    "L20F15501.0": 0.12673529982566833,
    "L21F7091.0": 0.12148083746433258,
    "L5F3240.0": 0.11662706732749939,
    "L12F7943.0": 0.11453741788864136,
    "L25F12830.0": 0.1138988733291626,
    "L9F6616.0": 0.11225350201129913
}