{
    "L13F7957.0": 0.6966637521982193,
    "L20F2285.0": 0.6356183737516403,
    "L12F12969.0": 0.6337045580148697,
    "L16F7906.0": 0.6277140751481056,
    "L17F15778.0": 0.6177784651517868,
    "L16F4767.0": 0.6127554327249527,
    "L17F9835.0": 0.6114209815859795,
    "L18F10813.0": 0.6089571341872215,
    "L15F7770.0": 0.6085228770971298,
    "L14F14315.0": 0.6068921834230423,
    "L19F15460.0": 0.6068702265620232,
    "L23F9416.0": 0.6007227748632431,
    "L9F13211.0": 0.5922851413488388,
    "L15F15701.0": 0.5862174183130264,
    "L10F9775.0": 0.5668959096074104,
    "L15F14930.0": 0.5632360801100731,
    "L11F2676.0": 0.5469746515154839,
    "L8F7589.0": 0.5357778519392014,
    "L14F5355.0": 0.5303706899285316,
    "L9F7936.0": 0.5119724571704865
}